{
  "Run 6": {
    "Outer Step 71": 0.00039140116509120144,
    "Outer Step 70": 0.0003915430405295734,
    "Outer Step 69": 0.00039169200276031717,
    "Outer Step 68": 0.0003918396692149075,
    "Outer Step 67": 0.00039218917571039115,
    "Outer Step 66": 0.0003924841845036529,
    "Outer Step 65": 0.00039260724414712906,
    "Outer Step 64": 0.00039274666311240306,
    "Outer Step 63": 0.0003929152945982794,
    "Outer Step 62": 0.00039307067520090964,
    "Outer Step 61": 0.0003931552257418133,
    "Outer Step 60": 0.00039353758567398594,
    "Outer Step 59": 0.0003936355541976827,
    "Outer Step 58": 0.00039365000544419306,
    "Outer Step 57": 0.00039371483604811196,
    "Outer Step 56": 0.00039387725354277407,
    "Outer Step 55": 0.0003939479835987383,
    "Outer Step 54": 0.0003940986828240081,
    "Outer Step 53": 0.00039427156060007365,
    "Outer Step 52": 0.0003944182095149703,
    "Outer Step 51": 0.0003944554232378348,
    "Outer Step 50": 0.00039460804878801075,
    "Outer Step 49": 0.000394755287331554,
    "Outer Step 48": 0.00039480610039482346,
    "Outer Step 47": 0.00039490051432831833,
    "Outer Step 46": 0.00039517389515555436,
    "Outer Step 45": 0.0003953365232133812
  }
}
